{
  "Flow Duration": {
    "mean": 250505.078125,
    "std": 143890.25,
    "p25": 126455.34375,
    "p75": 374945.6875
  },
  "Total Fwd Packets": {
    "mean": 25.47564125061035,
    "std": 14.415143966674805,
    "p25": 13.0,
    "p75": 38.0
  },
  "Total Backward Packets": {
    "mean": 24.504758834838867,
    "std": 14.417661666870117,
    "p25": 12.0,
    "p75": 37.0
  },
  "Total Length of Fwd Packets": {
    "mean": 0.7972188591957092,
    "std": 0.6024155020713806,
    "p25": 0.3173684775829315,
    "p75": 1.1525086164474487
  },
  "Total Length of Bwd Packets": {
    "mean": 0.7978147268295288,
    "std": 0.6022039651870728,
    "p25": 0.3192104697227478,
    "p75": 1.1486793756484985
  },
  "Fwd Packet Length Max": {
    "mean": 0.8007639050483704,
    "std": 0.6043787002563477,
    "p25": 0.32201486825942993,
    "p75": 1.150109052658081
  },
  "Fwd Packet Length Min": {
    "mean": 0.004626091569662094,
    "std": 1.000922679901123,
    "p25": -0.6671535968780518,
    "p75": 0.6808397769927979
  },
  "Fwd Packet Length Mean": {
    "mean": 0.7972758412361145,
    "std": 0.6027469038963318,
    "p25": 0.3187392055988312,
    "p75": 1.1491596698760986
  },
  "Fwd Packet Length Std": {
    "mean": 0.00040361276478506625,
    "std": 0.9982677102088928,
    "p25": -0.6703458428382874,
    "p75": 0.6722900867462158
  },
  "Bwd Packet Length Max": {
    "mean": 0.7950112223625183,
    "std": 0.6010273694992065,
    "p25": 0.3174482583999634,
    "p75": 1.1480011940002441
  },
  "Bwd Packet Length Min": {
    "mean": -0.0017677759751677513,
    "std": 1.0012457370758057,
    "p25": -0.6791297197341919,
    "p75": 0.6723235249519348
  },
  "Bwd Packet Length Mean": {
    "mean": 0.7991899847984314,
    "std": 0.602970540523529,
    "p25": 0.3215240240097046,
    "p75": 1.1512163877487183
  },
  "Bwd Packet Length Std": {
    "mean": -0.0017954447539523244,
    "std": 0.998488187789917,
    "p25": -0.6768563389778137,
    "p75": 0.6714969277381897
  },
  "Flow Bytes/s": {
    "mean": 50067.265625,
    "std": 28873.775390625,
    "p25": 25003.130859375,
    "p75": 75096.7109375
  },
  "Flow Packets/s": {
    "mean": 327.0538330078125,
    "std": 1360.7486572265625,
    "p25": 51.692359924316406,
    "p75": 202.77255249023438
  },
  "Flow IAT Mean": {
    "mean": -0.0005009525339119136,
    "std": 0.9992862939834595,
    "p25": -0.674644410610199,
    "p75": 0.6756784319877625
  },
  "Flow IAT Std": {
    "mean": 0.005870828405022621,
    "std": 1.00137197971344,
    "p25": -0.6676143407821655,
    "p75": 0.6822454929351807
  },
  "Flow IAT Max": {
    "mean": 0.0019357192795723677,
    "std": 1.001764178276062,
    "p25": -0.6733075976371765,
    "p75": 0.6738229990005493
  },
  "Flow IAT Min": {
    "mean": 0.0009143078932538629,
    "std": 1.0009444952011108,
    "p25": -0.6752991676330566,
    "p75": 0.6769019961357117
  },
  "Fwd IAT Total": {
    "mean": -0.0026598607655614614,
    "std": 1.0003808736801147,
    "p25": -0.6774847507476807,
    "p75": 0.6712710857391357
  },
  "Fwd IAT Mean": {
    "mean": 0.00042189788655377924,
    "std": 0.9995846152305603,
    "p25": -0.6741428375244141,
    "p75": 0.6734375953674316
  },
  "Fwd IAT Std": {
    "mean": 0.008544782176613808,
    "std": 0.9985000491142273,
    "p25": -0.6619367599487305,
    "p75": 0.6785151958465576
  },
  "Fwd IAT Max": {
    "mean": -0.00015488058852497488,
    "std": 0.9991656541824341,
    "p25": -0.6791948080062866,
    "p75": 0.6765011548995972
  },
  "Fwd IAT Min": {
    "mean": 0.0077358633279800415,
    "std": 0.9998478889465332,
    "p25": -0.6680643558502197,
    "p75": 0.6806735992431641
  },
  "Bwd IAT Total": {
    "mean": -0.001571917557157576,
    "std": 1.0005552768707275,
    "p25": -0.6791845560073853,
    "p75": 0.6743609309196472
  },
  "Bwd IAT Mean": {
    "mean": -0.003952618222683668,
    "std": 0.9998020529747009,
    "p25": -0.6792060732841492,
    "p75": 0.6685758829116821
  },
  "Bwd IAT Std": {
    "mean": 0.002307918854057789,
    "std": 1.0050938129425049,
    "p25": -0.6761072278022766,
    "p75": 0.6796493530273438
  },
  "Bwd IAT Max": {
    "mean": 0.00013687692990060896,
    "std": 0.9979763627052307,
    "p25": -0.6759138107299805,
    "p75": 0.6737611293792725
  },
  "Bwd IAT Min": {
    "mean": -0.0031540081836283207,
    "std": 1.0006505250930786,
    "p25": -0.6794700622558594,
    "p75": 0.6683852672576904
  },
  "Fwd PSH Flags": {
    "mean": 0.5014916658401489,
    "std": 0.4999977946281433,
    "p25": 0.0,
    "p75": 1.0
  },
  "Fwd Header Length": {
    "mean": -0.0012223086087033153,
    "std": 0.9982369542121887,
    "p25": -0.6783942580223083,
    "p75": 0.6767232418060303
  },
  "Bwd Header Length": {
    "mean": -0.0018603032222017646,
    "std": 0.9998926520347595,
    "p25": -0.6733939051628113,
    "p75": 0.675168514251709
  },
  "Fwd Packets/s": {
    "mean": -0.006838405039161444,
    "std": 1.0040154457092285,
    "p25": -0.683298647403717,
    "p75": 0.6685609817504883
  },
  "Bwd Packets/s": {
    "mean": 0.002518073422834277,
    "std": 1.0008262395858765,
    "p25": -0.6734491586685181,
    "p75": 0.6818941235542297
  },
  "Min Packet Length": {
    "mean": 0.7997232675552368,
    "std": 0.6048819422721863,
    "p25": 0.31850573420524597,
    "p75": 1.1528387069702148
  },
  "Max Packet Length": {
    "mean": 0.7979609370231628,
    "std": 0.6037899851799011,
    "p25": 0.31747493147850037,
    "p75": 1.1540862321853638
  },
  "Packet Length Mean": {
    "mean": 0.7963873147964478,
    "std": 0.6018059849739075,
    "p25": 0.3176046311855316,
    "p75": 1.1482362747192383
  },
  "Packet Length Std": {
    "mean": 0.0023107712622731924,
    "std": 1.000740885734558,
    "p25": -0.6731334924697876,
    "p75": 0.6772417426109314
  },
  "Packet Length Variance": {
    "mean": -0.0005895551294088364,
    "std": 0.9990505576133728,
    "p25": -0.6754522919654846,
    "p75": 0.6742651462554932
  },
  "FIN Flag Count": {
    "mean": 0.4993833303451538,
    "std": 0.49999961256980896,
    "p25": 0.0,
    "p75": 1.0
  },
  "SYN Flag Count": {
    "mean": 0.501966655254364,
    "std": 0.4999961256980896,
    "p25": 0.0,
    "p75": 1.0
  },
  "RST Flag Count": {
    "mean": 0.5003166794776917,
    "std": 0.49999988079071045,
    "p25": 0.0,
    "p75": 1.0
  },
  "PSH Flag Count": {
    "mean": 0.5001833438873291,
    "std": 0.4999999403953552,
    "p25": 0.0,
    "p75": 1.0
  },
  "ACK Flag Count": {
    "mean": 0.5000333189964294,
    "std": 0.5,
    "p25": 0.0,
    "p75": 1.0
  },
  "URG Flag Count": {
    "mean": 0.5005750060081482,
    "std": 0.49999967217445374,
    "p25": 0.0,
    "p75": 1.0
  },
  "Down/Up Ratio": {
    "mean": 0.7962856888771057,
    "std": 0.6012632846832275,
    "p25": 0.31959283351898193,
    "p75": 1.1466585397720337
  },
  "Average Packet Size": {
    "mean": 0.7981494665145874,
    "std": 0.6026663184165955,
    "p25": 0.3181709051132202,
    "p75": 1.1516430377960205
  },
  "Avg Fwd Segment Size": {
    "mean": 0.7982469797134399,
    "std": 0.6018972992897034,
    "p25": 0.3199051022529602,
    "p75": 1.1503456830978394
  },
  "Avg Bwd Segment Size": {
    "mean": 0.7982676029205322,
    "std": 0.6041199564933777,
    "p25": 0.3181590735912323,
    "p75": 1.144923210144043
  },
  "Subflow Fwd Packets": {
    "mean": -0.00596548430621624,
    "std": 1.001866340637207,
    "p25": -0.6843128800392151,
    "p75": 0.6713117361068726
  },
  "Subflow Fwd Bytes": {
    "mean": 0.0021575179416686296,
    "std": 1.0004833936691284,
    "p25": -0.6710541248321533,
    "p75": 0.6740274429321289
  },
  "Subflow Bwd Packets": {
    "mean": -0.0017222793539986014,
    "std": 0.9994732737541199,
    "p25": -0.6722522974014282,
    "p75": 0.6751571297645569
  },
  "Subflow Bwd Bytes": {
    "mean": 0.0028461110778152943,
    "std": 0.999584436416626,
    "p25": -0.6753018498420715,
    "p75": 0.6794353723526001
  },
  "Init_Win_bytes_forward": {
    "mean": 0.0026403870433568954,