{
  "Autoencoder": {
    "metrics": {
      "accuracy": 0.994225,
      "precision": 0.9980418166887752,
      "recall": 0.9875,
      "f1": 0.9927429235650781,
      "roc_auc": 0.9988453489583334,
      "threshold": 0.6033273935317993
    },
    "type": "anomaly_detection"
  },
  "Random Forest": {
    "metrics": {
      "accuracy": 0.998075,
      "precision": 0.9980823076451405,
      "recall": 0.998075,
      "f1_weighted": 0.9980684457714535,
      "f1_macro": 0.9947556483356288,
      "roc_auc": 0.9999953418911235
    },
    "type": "classifier",
    "confusion_matrix": [
      [
        24000,
        0,
        0,
        0,
        0,
        0,
        0,
        0
      ],
      [
        0,
        1200,
        0,
        0,
        0,
        0,
        0,
        0
      ],
      [
        0,
        0,
        1983,
        0,
        0,
        0,
        0,
        17
      ],
      [
        0,
        0,
        0,
        3999,
        1,
        0,
        0,
        0
      ],
      [
        0,
        2,
        0,
        24,
        3174,
        0,
        0,
        0
      ],
      [
        18,
        0,
        11,
        0,
        0,
        770,
        0,
        1
      ],
      [
        0,
        0,
        0,
        0,
        0,
        0,
        3200,
        0
      ],
      [
        0,
        0,
        3,
        0,
        0,
        0,
        0,
        1597
      ]
    ]
  },
  "XGBoost": {
    "metrics": {
      "accuracy": 0.99825,
      "precision": 0.998256135777322,
      "recall": 0.99825,
      "f1_weighted": 0.9982464432929377,
      "f1_macro": 0.9949149651260045,
      "roc_auc": 0.9999936217557223
    },
    "type": "classifier",
    "confusion_matrix": [
      [
        24000,
        0,
        0,
        0,
        0,
        0,
        0,
        0
      ],
      [
        0,
        1194,
        1,
        0,
        0,
        0,
        0,
        5
      ],
      [
        0,
        0,
        1982,
        0,
        0,
        0,
        0,
        18
      ],
      [
        0,
        1,
        0,
        3992,
        7,
        0,
        0,
        0
      ],
      [
        0,
        3,
        0,
        5,
        3192,
        0,
        0,
        0
      ],
      [
        19,
        0,
        5,
        0,
        0,
        775,
        0,
        1
      ],
      [
        0,
        0,
        0,
        0,
        0,
        0,
        3200,
        0
      ],
      [
        0,
        0,
        5,
        0,
        0,
        0,
        0,
        1595
      ]
    ]
  },
  "LightGBM": {
    "metrics": {
      "accuracy": 0.99865,
      "precision": 0.9986521221565088,
      "recall": 0.99865,
      "f1_weighted": 0.9986487373647005,
      "f1_macro": 0.9964270756229647,
      "roc_auc": 0.9999957955298016
    },
    "type": "classifier",
    "confusion_matrix": [
      [
        24000,
        0,
        0,
        0,
        0,
        0,
        0,
        0
      ],
      [
        0,
        1199,
        0,
        0,
        0,
        0,
        0,
        1
      ],
      [
        0,
        0,
        1987,
        0,
        0,
        0,
        0,
        13
      ],
      [
        0,
        1,
        0,
        3989,
        10,
        0,
        0,
        0
      ],
      [
        0,
        3,
        0,
        6,
        3191,
        0,
        0,
        0
      ],
      [
        10,
        0,
        4,
        0,
        0,
        785,
        0,
        1
      ],
      [
        0,
        0,
        0,
        0,
        0,
        0,
        3200,
        0
      ],
      [
        0,
        0,
        5,
        0,
        0,
        0,
        0,
        1595
      ]
    ]
  },
  "MLP": {
    "metrics": {
      "accuracy": 0.9954,
      "precision": 0.9953954493028448,
      "recall": 0.9954,
      "f1_weighted": 0.9953787667274945,
      "f1_macro": 0.9874850583455832,
      "roc_auc": 0.9999717609209713
    },
    "type": "classifier",
    "confusion_matrix": [
      [
        24000,
        0,
        0,
        0,
        0,
        0,
        0,
        0
      ],
      [
        0,
        1200,
        0,
        0,
        0,
        0,
        0,
        0
      ],
      [
        0,
        0,
        1955,
        0,
        0,
        5,
        0,
        40
      ],
      [
        0,
        0,
        0,
        3981,
        19,
        0,
        0,
        0
      ],
      [
        0,
        5,
        0,
        3,
        3192,
        0,
        0,
        0
      ],
      [
        2,
        0,
        17,
        0,
        0,
        781,
        0,
        0
      ],
      [
        0,
        0,
        0,
        0,
        0,
        0,
        3200,
        0
      ],
      [
        0,
        0,
        40,
        0,
        0,
        0,
        53,
        1507
      ]
    ]
  }
}